,male,age,juv_fel_count,juv_misd_count,juv_other_count,priors_count,felony,black,married,two_year_recid,juv_offenses
count,4818.0,4818.0,4818.0,4818.0,4818.0,4818.0,4818.0,4818.0,4818.0,4818.0,4818.0
mean,0.8140307181403071,29.855749273557493,0.08177667081776671,0.1133250311332503,0.1403071814030718,3.481112494811125,0.6564964715649647,0.5514736405147364,0.08779576587795766,0.5222083852220839,0.33540888335408886
std,0.3891222625866414,6.891440683246447,0.5258088842028273,0.5429688211598928,0.5678304857346876,4.709558591772629,0.47492701501934714,0.49739502793668916,0.28302702241846533,0.49955838973878225,1.0695144541498327
min,0.0,18.0,0.0,0.0,0.0,0.0,0.0,0.0,0.0,0.0,0.0
25%,1.0,24.0,0.0,0.0,0.0,0.0,0.0,0.0,0.0,0.0,0.0
50%,1.0,29.0,0.0,0.0,0.0,2.0,1.0,1.0,0.0,1.0,0.0
75%,1.0,35.0,0.0,0.0,0.0,5.0,1.0,1.0,0.0,1.0,0.0
max,1.0,46.0,20.0,13.0,17.0,38.0,1.0,1.0,1.0,1.0,21.0
